repo,base_branch,base_sha,branch,branch_sha,data
aeon,origin/main,222367a04a004cbe5544a28a3780b30ab1e27afd,insert-mutations,222367a04a004cbe5544a28a3780b30ab1e27afd,2026-10-03
apscheduler,origin/master,8fd8b8190e8b5f79156ad4f34a4a9b5dec42dc78,insert-mutations,8fd8b8190e8b5f79156ad4f34a4a9b5dec42dc78,2026-10-03
dask,origin/main,ba2e48d6239b6ccdf315c5e16dc1c82943d234be,insert-mutations,ba2e48d6239b6ccdf315c5e16dc1c82943d234be,2026-10-03
dvc,origin/main,c6eecb50962259c13bac3c8ce9c2d8a2887f716f,insert-mutations,c6eecb50962259c13bac3c8ce9c2d8a2887f716f,2026-10-03
ipython,origin/main,534dfe4a1468c121ce3cad35ca5192dc125b3eea,insert-mutations,534dfe4a1468c121ce3cad35ca5192dc125b3eea,2026-10-03
librosa,origin/main,e226696dba3c280cee72334aba57bdd8311d5317,insert-mutations,e226696dba3c280cee72334aba57bdd8311d5317,2026-10-03
pytest-django,origin/main,01f739da6f7e336c518dd9111e9ceb0709f27bd6,insert-mutations,01f739da6f7e336c518dd9111e9ceb0709f27bd6,2026-10-03
pytest-xdist,origin/master,82b0dbc7ba31d0359c8f7a0de3aa2eea691faeae,insert-mutations,82b0dbc7ba31d0359c8f7a0de3aa2eea691faeae,2026-10-03
pytorch-lightning,origin/master,84df182f50ab34301aabb3c0eb4031815bfb413d,insert-mutations,84df182f50ab34301aabb3c0eb4031815bfb413d,2026-10-03
ultralytics,origin/main,a87f087c046dd2dcee3b4ef2a787fcc8360e85d9,insert-mutations,a87f087c046dd2dcee3b4ef2a787fcc8360e85d9,2026-10-03
networkx,origin/main,caf65bab9c3b4c028c8a1b80a088444d244cdfdd,insert-mutations,caf65bab9c3b4c028c8a1b80a088444d244cdfdd,2026-10-03