repo,commit,data
aeon,74203b9d4d664eb958b7fc1b081326931a294ad1,2026-09-27
apscheduler,81e9fdcaac8d6c72f4318cb7ff393c913c7f9440,2026-09-27
dask,9dc535daa30d7d36d63d4a003b54342fbc7032db,2026-09-27
dvc,56e59829512ff134aa269099a2099587b810b4dd,2026-09-27
ipython,93dde62b5b76275dbd1a1cfda328969fa59caa08,2026-09-27
librosa,c6968062a931d39d5d923597c92459c2c32c6b49,2026-09-27
networkx,9f6079c0120416599ea5d4018bbaba229ea2e456,2026-09-27
pytest-django,dfec54520171fac4116871487f048cb24810233f,2026-09-27
pytest-xdist,ec1a20de022246280ec712945ea9407b400a6882,2026-09-27
pytorch-lightning,84df182f50ab34301aabb3c0eb4031815bfb413d,2026-09-27
trimesh,fcf660feb0a14c68fd3945789e8ed77e260f9167,2026-09-27
ultralytics,3c9fc4430d550f12b97e56f542adeea9b5c58354,2026-09-27
